,Roads,Speed Limit
0,15TH ST,21.66666667
1,16TH ST,36.92307692
2,38TH ST,40
3,4H PARK RD,25
4,57TH AVE,36.66666667
5,5TH ST EXT,40
6,9TH ST,40
7,ACCOKEEK RD,50
8,ADELINA RD,35
9,ADMIRAL DR,49.44444444
10,AIKEN AVE,37.14285714
11,AILSA AVE,35
12,AIRCRAFT DR,35
13,AIRPORT DR,25
14,AIRPORT RD,37.27272727
15,ALDINO RD,45
16,ALESIA TO LINEBORO RD,25
17,ALLENTOWN RD,36.66666667
18,AMTRAK WAY,35
19,ANACOSTIA FREEWAY,30
20,ANDOVER RD,25
21,ANNAPOLIS RD,25
22,ANNAPOLIS ST,37
23,APPLETON RD,30
24,ARDMORE RD,40
25,ARIS T ALLEN BLVD,30
26,ARNOLD RD,31.25
27,ARUNDEL CORP RD,50
28,ARUNDEL MILLS BLVD,35
29,ASSATEAGUE RD,50
30,AURORA ST,40
31,AVIATION BLVD,25
32,AVILTON LONACONING RD,48.75
33,BACHMANS VALLEY RD,25
34,BALDWIN MILL RD,30
35,BALLENGER CREEK PIKE,40
36,BALTIMORE AVE,25
37,BALTIMORE AVE #2,40
38,BALTIMORE PIKE,35
39,BALTIMORE ST,25
40,BALTIMORE WASHINGTON PKWY,36.25
41,BALTO ANNAPOLIS BLVD,30
42,BALTO NATIONAL PIKE,25
43,BARCLAY RD,25
44,BARKSDALE RD,41
45,BARNESVILLE RD,30
46,BARRELVILLE RD,40
47,BARTHOLOWS RD,45
48,BATTS NECK RD,35
49,BAUGHMANS LA,25
50,BAY FRONT RD,35.9375
51,BAY RIDGE RD,25
52,BAYARD RD,25
53,BAYSIDE RD,35
54,BEACH DR,45.26315789
55,BEARDS HILL RD,40
56,BECKLEYSVILLE RD,35
57,BEDFORD RD,35
58,BEDFORD ST,30
59,BEL ALTON NEWTOWN RD,42.08333333
60,BELAIR DR,35
61,BELCREST RD,30
62,BELFAST RD,25
63,BELLE AVE,43.125
64,BELLONA AVE,30
65,BENSVILLE RD,31
66,BERRY RD,38
67,BESTGATE RD,25
68,BETHEL RD,35
69,BETHESDA CHURCH RD,25
70,BETHLEHEM BLVD,25
71,BETHLEHEM RD,30
72,BEVERLY AVE,25
73,BI STATE BLVD,25
74,BIDDLE ST,35
75,BIG POOL RD,25
76,BILLINGSLEY RD,42.10526316
77,BISHOPVILLE RD,30
78,BITTINGER RD,50
79,BLACK DOG ALLEY,30
80,BLACK VALLEY RD,30
81,BLACKROCK RD,40
82,BLAIR RD,25
83,BLENHEIM RD,37.5
84,BLOOMINGTON RD,41.25
85,BLUE STAR MEMORIAL HWY,33.33333333
86,BOLLINGER RD,50
87,BONAPARTE AVE,35
88,BOOTH ST,40
89,BOSTON AVE,35
90,BOSTON ST,40
91,BOSWELL LA,25
92,BOULTON ST,42
93,BOUNDRY AVE,25
94,BOWERS RD,30
95,BOWLEYS LA,30
96,BOX HILL S PKWY,35
97,BOYDS TURN RD,35
98,BOZMAN NEAVITT RD,50
99,BRADDOCK RD,25
100,BRADLEY BLVD,25
101,BRANCH AVE,44.47368421
102,BRANDYWINE RD,25
103,BRASS MILL RD,25
104,BREHMS LA,40
105,BRENBROOK DR,30
106,BRIDGETOWN RD,44.54545455
107,BRIGHTFIELD RD,25
108,BRIGHTVIEW DR,25
109,BROAD NECK RD,39.54545455
110,BROAD ST,30
111,BROADWAY RD,30
112,BROENING HWY,42.5
113,BROKEN LAND PKWY,30
114,BROOKVILLE RD,50
115,BROOMES ISLAND RD,28.33333333
116,BROWNINGSVILLE RD,40
117,BROWNS BRIDGE RD,25
118,BRYAN POINT RD,38
119,BUCK HEWITT RD,28.33333333
120,BUDDS CREEK RD,40
121,BURBAGE CROSSING RD,35
122,BURNS CROSSING RD,40
123,BURRSVILLE RD,30
124,BUSCHS FRONTAGE RD,35
125,BUSH ST,25
126,BUSINESS PKWY,30
127,BUTLER RD,50
128,BYNUM RD,35
129,CAL RIPKEN WAY,35
130,CALVARY RD,30
131,CALVERT BEACH RD,45
132,CALVERT RD,25
133,CALVERTON BLVD,37
134,CAMPBELL BLVD,46
135,CAMPGROUND RD,35
136,CAMPUS DR,25
137,CANAL PKWY,25
138,CAPE ST CLAIRE RD,30
139,CAPITAL BELTWAY,25
140,CAPITOL VIEW AVE,30
141,CARROLL AVE,30
142,CARROLL ST,40
143,CARSINS RUN RD,30
144,CASTLETON RD,40
145,CATOCTIN FURNACE RD,30
146,CATON AVE,25
147,CAYOTS CORNER RD,45
148,CECILTON WARWICK RD,35
149,CEDAR HALL RD,45
150,CEDAR LA,44
151,CEDARDAY DR,47.77777778
152,CENTER DR,40
153,CENTER ST,39.25
154,CENTRAL AVE,30
155,CHAMBER AVE,40
156,CHANCELLORS RUN RD,25
157,CHAPEL FORGE DR,36.66666667
158,CHAPEL RD,25
159,CHARLES ST,50
160,CHERRY HILL RD,38.15789474
161,CHERRY LA,30
162,CHERRYWOOD LA,30
163,CHESAPEAKE AVE,25
164,CHESAPEAKE BEACH RD,35
165,CHESTERFIELD AVE,45
166,CHESTERTOWN RD,55
167,CHESTNUT AVE,25
168,CHEVERLY AVE,39.28571429
169,CHICAMUXEN RD,37.5
170,CHILDS POINT RD,43.57142857
171,CHILLUM RD,25
172,CHRISTIE RD,25
173,CHRISTOPHERS CROSSING,25
174,CHROME RD,15
175,CHURCH RD,45
176,CHURCH ST,30
177,CHURCHVILLE RD,35
178,CIVIC AVE,35
179,CLAIBORNE RD,45
180,CLARA BARTON PKWY,45
181,CLARKSBURG RD,30
182,CLARKSVILLE PIKE,37.35294118
183,CLEAR RIDGE RD S,30
184,CLEARSPRING RD,35
185,CLEMSONVILLE RD,30
186,COBB ISLAND RD,30
187,COCA COLA DR,35
188,COHASSET AVE,50
189,COKESBURY RD,30
190,COLESVILLE RD,25
191,COLLEGE AVE,30
192,COLLEGE BACKBONE RD,25
193,COLTON POINT RD,40
194,COLUMBIA BEACH RD,30
195,COLUMBIA PARK RD,30
196,COLUMBIA PIKE,25
197,COMUS RD,46.66666667
198,CONNECTICUT AVE,30
199,CONOWINGO RD,30
200,COPLEY AVE,25
201,CORSICA NECK RD,38.125
202,COUNTRY CLUB RD,25
203,COURT HOUSE DR,30
204,COVE POINT RD,25
205,COVENTRY WAY,25
206,COX NECK RD,36
207,CRAIN HWY,35
208,CRESCENT RD,25
209,CRITTENDEN ST,25
210,CROMWELL BRIDGE RD,40
211,CROOKS AVE,50
212,CROOM RD,40
213,CROSBY RD,35
214,CRUMPTON RD,40
215,CYPRESS ST,50
216,DAISY RD,42
217,DAMSONTOWN RD,48.33333333
218,DARES WHARF RD,35
219,DARLINGTON RD,25
220,DARNESTOWN RD,25
221,DAVIDSONVILLE RD,38.15789474
222,DAVIS AVE,25
223,DEALE CHURCHTON RD,35
224,DEEP RUN RD E,42.69230769
225,DEER PARK RD,35
226,DEL RHODES AVE,35
227,DELANCY RD,30
228,DELAWARE AVE,40.83333333
229,DELMAR RD,47
230,DELVALE AVE,44.09090909
231,DILL AVE,30
232,DIVIDING CREEK RD,39
233,DOGWOOD RD,38.33333333
234,DOMINION RD,25
235,DORSEY RD,40
236,DORSEY RUN RD,50
237,DOVER BRIDGE RD,40
238,DOVER RD,30
239,DOWNSVILLE PIKE,38
240,DR BIRD RD,35
241,DUBLIN RD,33.33333333
242,DUDLEY CORNER RD,28.33333333
243,DULANEY VALLEY RD,30
244,DUTCHMANS LA,40
245,DYKES RD,40
246,E 43RD ST,40
247,E ANTIOCH AVE,39
248,E BALTIMORE ST,35
249,E BEL AIR AVE,30
250,E CHURCH ST,40
251,E DIAMOND AVE,25
252,E GREEN ST,35
253,E GUDE DR,45
254,E ISABELLA ST,45
255,E JEFFERSON ST,45
256,E LAFAYETTE AVE,65
257,E LOMBARD ST,30
258,E MAIN ST,25
259,E MAPLE RD,25
260,E PATRICK ST,50
261,E RANDOLPH RD,31.66666667
262,E SOUTH ST,30
263,EARLTON RD,35
264,EAST COLLEGE PKWY,35
265,EAST NEW MARKET ELLWOOD RD,25
266,EAST ORDNANCE RD,35
267,EAST ST,52.5
268,EASTERN AVE,39
269,EASTERN BLVD,47.85714286
270,EASTON PKWY,32
271,EDGEWOOD RD,25
272,EDMONDSON AVE,30
273,EDMONSTON RD,50
274,EGYPT RD,26.66666667
275,EISENHOWER MEMORIAL HWY,45
276,ELIOTS OAK RD,30
277,ELK MILLS RD,50
278,ELKTON RD,40
279,ELLERSLIE RD,30
280,ELLICOTT MILLS DR,35
281,EMMIT GARDENS DR,30
282,EMMITSBURG RD,35
283,EMORY RD,25
284,ENGLISH MUFFIN WAY,30
285,EUTAW PL,40
286,FAIRHAVEN RD,25
287,FAIRLAND RD,30
288,FAIRMOUNT RD,35
289,FAIRVIEW AVE,50
290,FAIRVIEW RD,28.75
291,FALLS RD,25
292,FARMINGTON RD,25
293,FARRAGUT RD,25
294,FATHER HURLEY BLVD,45
295,FEDEX WAY,35
296,FERGUSON RD,30
297,FIELDCREST RD,30
298,FINGERBOARD RD,25
299,FINZEL RD,30
300,FIRST ST,30
301,FISHER AVE,25
302,FLEET ST,36.25
303,FLETCHERTOWN RD,29.16666667
304,FLOWER AVE,30
305,FOREST DR,35
306,FOREST PARK RD,50
307,FORGE RD,33.75
308,FORT MCHENRY TUNNEL,41.66666667
309,FORT MEADE RD,50
310,FORT RITCHIE RD,40
311,FORT SMALLWOOD RD,29
312,FOXVILLE RD,51.66666667
313,FRANCIS SCOTT KEY HWY,48.33333333
314,FRANKFORD AVE,35
315,FRANKLIN AVE,30
316,FRANKLIN ST,30
317,FREDERICK FREEWAY,25
318,FREDERICK RD,30
319,FREDERICK ST,38
320,FREELAND RD,35
321,FREETOWN RD,25
322,FRENCHTOWN RD,33.33333333
323,FRIENDSHIP RD,36.25
324,FRIENDSVILLE RD,40
325,FULFORD AVE,35
326,FULLERTON AVE,41.875
327,FURNACE BRANCH RD,40
328,GALENA SASSAFRAS RD,25
329,GAMBER RD,40
330,GAMBRILLS RD,30
331,GARDEN CITY DR,25
332,GARDEN VIEW RD,40
333,GARLAND GROH BLVD,46.25
334,GENERALS HWY,46.66666667
335,GEORGE WASHINGTON HWY,33.57142857
336,GEORGIA AVE,30
337,GERMANTOWN RD,35
338,GILRAY DR,36.25
339,GIST RD,29.16666667
340,GLEN ALBIN RD,40
341,GLEN AVE,30
342,GLENDALE AVE,25
343,GLENN DALE RD,41.25
344,GOLDEN BEACH RD,42.5
345,GOLDSBORO RD,37.5
346,GOLDSBOROUGH ST,40
347,GOLF COURSE RD,37.30769231
348,GORSUCH AVE,37.5
349,GORSUCH RD,30
350,GOV RITCHIE HWY,40
351,GOV WARFIELD PKWY,25
352,GOVERNOR BRIDGE RD,30
353,GRACETON RD,25
354,GRAFTON SHOP RD,33.33333333
355,GREAT FALLS RD,30
356,GREAT SENECA HWY,35
357,GREAT STAR DR,30
358,GREEN VALLEY RD,40
359,GREENBELT RD,36.66666667
360,GREENE ST,37.5
361,GREENOCK RD,30
362,GREENSPRING AVE,30
363,GREENSPRING VALLEY RD,30
364,GREENWOOD RD,30
365,GREYS CORNER RD,30
366,GUE RD,30
367,GUILFORD AVE,35
368,GUNBY RD,53
369,GUNTHER AVE,48.52941176
370,GWYNN OAK AVE,55
371,H G TRUEMAN RD,30
372,HALL RD,50
373,HALL SHOP RD,35
374,HALLOWING POINT RD,43.47826087
375,HALLTOWN RD,30
376,HAMILTON AVE,30
377,HAMILTON RD,35
378,HAMPSTEAD MEXICO RD,25
379,HANOVER PIKE,60
380,HANOVER ST,25
381,HANSON RD,25
382,HARBOR TUNNEL THRUWAY,40
383,HARCOURT RD,31
384,HARFORD RD,46
385,HARNESS CREEK RD,27.5
386,HARRY S TRUMAN DR,43.63636364
387,HATCHERY RD,45
388,HAVARD ST,44.19354839
389,HAWTHORNE DR,25
390,HAWTHORNE RD,30
391,HAYWARD RD,40
392,HENDERSON RD,25
393,HERITAGE HILLS DR,25
394,HERMANVILLE RD,43.33333333
395,HIGH POINT RD,35
396,HIGH ST,43.33333333
397,HIGHLAND RD,40
398,HILLEN ST,38.57142857
399,HILLSBORO RD,25
400,HILLTOP CIR,35
401,HILLTOP LA,50
402,HINES RD,25
403,HOBBS RD,50
404,HOG NECK RD,40.625
405,HOLLAND ST,50
406,HOLLINS FERRY RD,64.72222222
407,HOLLYWOOD RD,40
408,HOODS MILL RD,40
409,HOOPER ISLAND RD,54.16666667
410,HOPE RD,30
411,HORNERS LA,25
412,HOUCKSVILLE RD,34.81481481
413,HOUSTON BRANCH RD,30
414,HULL ST,30
415,HUNTING CREEK RD,40
416,HUNTINGDON AVE,25
417,IJAMSVILLE RD,35
418,ILCHESTER RD,30
419,INDIAN BRIDGE RD,25
420,INDIAN HEAD HWY,30
421,INDUSTRIAL BLVD,25
422,INTERCOUNTY CONNECTOR,25
423,J F K MEMORIAL HWY,25
424,JACKSON STATION RD,30
425,JACKSONVILLE RD,40
426,JACOB TOME MEMORIAL HWY,43.33333333
427,JARRETTSVILLE PIKE,40
428,JEFFERSON BLVD,43.33333333
429,JEFFERSON NATIONAL PIKE,30.83333333
430,JEFFERSON PIKE,30
431,JEFFERSON ST,46.66666667
432,JENNIFER RD,30
433,JERSEY RD,35
434,JESSUP RD,35
435,JEWELL RD,40
436,JOHN HANSON HWY,38.33333333
437,JOHNS HOPKINS RD,30
438,JONES FALLS EXPWY,45.71428571
439,JOPPA FARM RD,30
440,JOPPA RD W,25
441,KANE ST,25
442,KATE WAGNER RD,25
443,KEMP LA,45
444,KEMPTOWN RD,35
445,KENHILL DR,40
446,KENILWORTH AVE,25
447,KENSINGTON PKWY,35
448,KENWOOD AVE,30
449,KING AVE,35
450,KIPLING PKWY,25
451,KITZMILLER RD,40
452,KLAUSMIER RD,30
453,KLONDIKE RD,31.66666667
454,KNOWLES AVE,36.66666667
455,KNOXVILLE RD,45
456,KONTERRA DR,44.28571429
457,LA PLATA RD,40
458,LAKE SHORE DR,30
459,LAKESVILLE RD,25
460,LANDING LA,35
461,LANDING RD,30
462,LARGO RD,43.33333333
463,LAUREL BOWIE RD,45
464,LAUREL FT MEADE RD,30
465,LAUREL RD,40
466,LAWSONIA RD,40
467,LEEDS RD,40.5
468,LEISHEAR RD,55
469,LEISTERS CHURCH RD,25
470,LEITERSBURG PIKE,30
471,LEONARDTOWN RD,30
472,LEVEL RD,25
473,LIBERTY RD,30
474,LIBERTY ST,30
475,LILLIAN HOLT DR,30
476,LILLIAN ST,25
477,LINEBORO RD,25
478,LITTLE ANTIETAM RD,44
479,LITTLE EGYPT RD,51
480,LITTLE FALLS PKWY,35
481,LITTLE PATUXENT PKWY,40
482,LITTLE SENECA PKWY,35
483,LIVINGSTON RD,61.66666667
484,LOCH RAVEN BLVD,37.5
485,LOCH RAVEN DR,40
486,LOCH RAVEN RD,35
487,LOCKWOOD DR,47.5
488,LOCUST GROVE RD,25
489,LONG HILL RD,30
490,LONGWOODS RD,50
491,LORETTO RD,25
492,LOTTSFORD VISTA RD,30
493,LOVE POINT RD,25
494,LOVEVILLE RD,30
495,LOWER GEORGES CREEK RD,35
496,LOWER MARLBORO RD,37.5
497,MACARTHUR BLVD,35
498,MACKALL RD,25
499,MADDOX RD,43
500,MADISON ST,35.57142857
501,MAGLEDT RD,25
502,MAIN ST,25
503,MALCOLM DR,46.25
504,MANCHESTER DR,35
505,MANOR RD,30
506,MAPLE AVE,35
507,MAPLE DAM RD,30
508,MAPLE ST,50
509,MARION ST,30
510,MARKET ST,35
511,MARLBORO PIKE,40
512,MARLEY NECK BLVD,36.66666667
513,MARRIOTTSVILLE RD,30
514,MARSH PIKE,35
515,MARSTON RD,30
516,MARTIN BLVD,30
517,MARTIN LUTHER KING JR BLVD,25
518,MARTIN LUTHER KING JR HWY,38.33333333
519,MARYLAND VETERANS MEMORIAL HWY,35
520,MASSACHUSETTS AVE,30
521,MASSEY DELAWARE LINE RD,35
522,MASSEY GALENA RD,35
523,MATTAWOMAN BEANTOWN RD,35
524,MATTHEWSTOWN RD,43.33333333
525,MAUGANS AVE,30
526,MAUGANSVILLE RD,43.33333333
527,MAYFIELD AVE,45
528,MAYO RD,40.83333333
529,MC DANIEL RD,43.42105263
530,MCCAIN DR,40.83333333
531,MCCLEAN BLVD,35
532,MCCOMAS ST,30
533,MCCULLOH ST,30
534,MCGINNES RD,30
535,MCMULLEN HWY,30
536,MD 4 SERVICE RD,30
537,MEADOW BRANCH RD,50
538,MEADOWBROOK LA,30
539,MECHANICSVILLE RD,40.625
540,MEDLEYS NECK RD,42.14285714
541,MELITOTA RD,30
542,MELLWOOD RD,25
543,MELVIN AVE,50
544,MERRITT BLVD,30
545,MERVELL DEAN RD,46.66666667
546,METROPOLITAN BLVD,40
547,MIDCOUNTY HWY,30
548,MIDDLEBROOK RD,30
549,MIDDLEBURG PIKE,25
550,MIDDLEBURG RD,25
551,MIDDLETOWN RD,45
552,MILITARY RD,25
553,MILL SWAMP RD,30
554,MINERAL HILL RD,30
555,MONOCACY BLVD,25
556,MONTEBELLO TERR,37.5
557,MONTGOMERY RD,25
558,MONTGOMERY VILLAGE AVE,40
559,MONTROSE RD,35
560,MOORES MILL RD,40
561,MORAVIA RD,25
562,MOTTER AVE,30
563,MOTTERS STATION RD,25
564,MOUNTAIN RD,57.22222222
565,MOUNTVILLE RD,35
566,MT CARMEL RD,62.5
567,MT HARMONY RD,35
568,MT HERMON RD,40
569,MT PHILLIP RD,35
570,MT ROYAL TERR,40
571,MT VERNON RD,20
572,MT VISTA RD,43.07692308
573,MT ZION RD,65
574,MUDDY CREEK RD,32.5
575,MUIRKIRK RD,50
576,MULBERRY ST,41.66666667
577,MUNCASTER MILL RD,30
578,MUNCASTER RD,25
579,MURLEYS BRANCH RD,60.83333333
580,N BENTALOU ST,52.5
581,N BENTZ ST,43.125
582,N BESTGATE RD,45
583,N CENTRE ST,40
584,N CHARLES ST,30
585,N DIVISION ST,35
586,N EAST ST,30
587,N FRUITLAND BLVD,30
588,N FULTON AVE,25
589,N GAY ST,30
590,N MAIN ST,40
591,N MARKET ST,25
592,N PARK DR EXT,33.33333333
593,N SALISBURY BLVD,45
594,N SCHUMAKER DR,44
595,NANTICOKE RD,40
596,NATIONAL FREEWAY,25
597,NATIONAL PIKE,25
598,NAVES CROSS RD,40
599,NAYLOR MILL RD,45
600,NAYLOR RD,35
601,NEW BRIDGE RD,30
602,NEW DESIGN RD,25
603,NEW FORGE RD,30
604,NEW HAMPSHIRE AVE,30
605,NEW LONDON RD,30
606,NEW MARKET TURNER RD,25
607,NEW RIDGE RD,30
608,NEW WINDSOR RD,40
609,NEWCUT RD,25
610,NEWKIRK ST,35.625
611,NEWTOWNE NECK RD,25
612,NICHOLSON LA,36.66666667
613,NINTH ST,30
614,NO NAME,25
615,NORBECK RD,30
616,NORRISVILLE RD,33.33333333
617,NORTH AVE,35
618,NORTH POINT BLVD,38.5
619,NORTH POINT RD,25
620,NORTH SANDGATES RD,50.625
621,NORTH ST,25
622,NORTHWAY,31.25
623,NORTHWEST EXPRESSWAY,43.33333333
624,NORTHWEST ST,46.66666667
625,NORTHWOOD DR,30
626,NURSERY RD,30
627,OAK GROVE RD,38
628,OAK ST,43.33333333
629,OAKLAND MILLS RD,35
630,OAKLEY RD,35
631,OBSERVATION DR,48
632,OCEAN CITY EXPWY,30
633,OCEAN GATEWAY,25
634,OCEAN HWY,40
635,OCEANIC DR,25
636,ODENTON RD,30
637,ODONNELL ST,33.75
638,OLD ANNAPOLIS RD,38.57142857
639,OLD BLACKROCK RD,35
640,OLD BOSLEY RD,40
641,OLD BRIDGE RD,45
642,OLD COLUMBIA PIKE,25
643,OLD COURT RD,30
644,OLD CRAIN HWY,41.53846154
645,OLD FORT RD,30
646,OLD FREDERICK RD,46.66666667
647,OLD GAMBER RD,30
648,OLD GEORGETOWN RD,30
649,OLD HARFORD RD,45
650,OLD JOPPA RD,30
651,OLD LEGISLATIVE RD,35
652,OLD LEONARDTOWN RD,43.33333333
653,OLD MANCHESTER RD,30
654,OLD MIDDLETOWN RD,25
655,OLD NATIONAL PIKE,30
656,OLD NEW WINDSOR PIKE,25
657,OLD OCEAN CITY BLVD,35
658,OLD OCEAN CITY RD,40
659,OLD PHILADELPHIA RD,40
660,OLD SILVER HILL RD,25
661,OLD SKIPTON RD,25
662,OLD SNOW HILL RD,30
663,OLD SOLOMONS ISLAND RD,25
664,OLD TANEYTOWN RD,25
665,OLD TELEGRAPH RD,38
666,OLD TOWN RD,41.75
667,OLD WASHINGTON RD,36.66666667
668,OLD WYE MILLS RD,39
669,OLD YORK RD,30
670,OLDFIELD POINT RD,45
671,OPESSA ST,25
672,OPOSSUMTOWN PIKE,32.5
673,ORIOLE RD,45
674,ORLEANS RD,37.5
675,OWINGS MILLS BLVD,40
676,OXFORD RD,25
677,PACA ST,41.36363636
678,PAINTERS MILL RD,45
679,PAPER MILL RD,30
680,PARADISE RD,35
681,PARK AVE,30
682,PARK HALL RD,40
683,PARK HEIGHTS AVE,25
684,PARKERSBURG RD,39.16666667
685,PARKSIDE DR,56.66666667
686,PARSONS RD,28.33333333
687,PASADENA RD,30
688,PATRIOT PKWY,25
689,PATUXENT BEACH RD,47.5
690,PATUXENT PKWY,35
691,PATUXENT RIVER RD,40.625
692,PEGG RD,30
693,PENINSULA EXPWY,38
694,PERRING PKWY,55
695,PERRY CORNER RD,30
696,PERRYLAWN DR,35
697,PERSIMMON TREE RD,40
698,PETERSVILLE RD,25
699,PHILADELPHIA AVE,40
700,PHILADELPHIA RD,25
701,PHOENIX RD,33.33333333
702,PIEDMONT RD,30
703,PINDELL SCHOOL RD,45
704,PINE BLUFF RD,41.875
705,PINEY BRANCH RD,50
706,PINEY CHURCH RD,35
707,PINEY ORCHARD PKWY,30
708,PINEY POINT RD,35
709,PIONEER DR,30
710,PITTSBURGH PLATE GLASS RD,30
711,PITTSFIELD LA,35
712,PLEASANT VALLEY RD,43.33333333
713,PLUM POINT RD,25
714,POFFENBERGER RD,44
715,POINT LOOKOUT RD,40
716,POINTER RIDGE DR,40
717,POMFRET RD,30
718,PONCA ST,40
719,PORT ST,45
720,POST OFFICE RD,25
721,POSTAL RD,25
722,POTOMAC ST,30
723,POWDER MILL RD,40
724,POWELLVILLE RD,43.33333333
725,PRESTON RD,30
726,PRICE STATION RD,25
727,PRINCE FREDERICK RD,68.21428571
728,PRINCIPIO FURNACE RD,25
729,PROSPECT RD,30
730,PROSPECT ST,30
731,PROVIDENCE RD,36.25
732,PUBLIC LANDING RD,50
733,PULASKI HWY,38.75
734,QUAKER NECK RD,25
735,QUEEN ANNES HWY,38.57142857
736,QUEENS CHAPEL RD,40
737,QUEENSBURY RD,41.38888889
738,QUEENSTOWN RD,40
739,QUINN RD,30
740,QUINTON ST,25
741,RACE ST,40
742,RACETRACK RD,38.88888889
743,RADECKE AVE,30
744,RAILROAD ST,37.14285714
745,RALPH ST,40
746,RAMP 11 FR IS 595 WB TO IS 595 WB,25
747,RAMP 11 FR MD 210 NB TO IS 295 NB,35
748,RAMP 12 FR IS 295 SB TO MD 210 SB,25
749,RAMP 4 FR IS 95 NB TO MD 216 EB,40
750,RAMP 8 FR MD 702 SB TO MD 150 WB,25
751,RAMP 9 FR RAMP 1 TO REDLAND BLVD,30
752,RAVEN ROCK RD,25
753,RED PUMP RD,15
754,REDLAND RD,33.88888889
755,REECE RD,43.33333333
756,REICHS FORD RD,25
757,REISTERSTOWN RD,30
758,RELIANCE RD,30
759,RENNER RD,36.42857143
760,REVOLUTION ST,33.33333333
761,RHODE ISLAND AVE,35
762,RICHTER FARM RD,32.5
763,RIDGE RD,38.33333333
764,RIDGELY AVE,37.5
765,RIDGELY RD,35
766,RINGGOLD PIKE,35
767,RITCHIE MARLBORO RD,41
768,RITCHIE PKWY,40
769,RIVER RD,30
770,RIVERDALE RD,50
771,RIVERSIDE DR,25
772,RIVERSIDE PKWY,30
773,ROBERT CRAIN HWY,47.5
774,ROBERTS STATION RD,45
775,ROBIN HOOD RD,35
776,ROBINWOOD DR,25
777,ROCK POINT RD,40
778,ROCK SPRING RD,30
779,ROCK SPRINGS RD,40
780,ROCKENBACH RD,25
781,ROCKVILLE PIKE,39.28571429
782,ROCKY SPRINGS RD,40
783,ROGER ST,40
784,ROGERS AVE,25
785,ROHRERSVILLE RD,50
786,ROMANCOKE RD,35
787,ROSEWICK RD,38.88888889
788,ROSSVILLE BLVD,43.33333333
789,ROUNDTOP RD,36.66666667
790,ROUSBY HALL RD,35
791,ROUSE PKWY,40
792,ROYAL OAK RD,40
793,ROYER RD,25
794,S BROWN ST,25
795,S CAMDEN AVE,48.33333333
796,S CHURCH ST,41.66666667
797,S HIGHLAND AVE,25
798,S JEFFERSON ST,36.66666667
799,S KRESSON ST,35
800,S LAKEWOOD AVE,30
801,S MAIN ST,39.16666667
802,S MARKET ST,25
803,S MONROE ST,46.25
804,S OLDHAM ST,36
805,S PHILADELPHIA BLVD,40
806,S PULASKI ST,55
807,S QUEEN ST,35
808,S SCHUMAKER DR,30
809,S SETON AVE,45
810,S UNION AVE,25
811,S WASHINGTON ST,25
812,SACRED HEART LA,30
813,SALEM AVE,35
814,SAM EIG HWY,25
815,SANDS RD,35
816,SANDTOWN RD,36.66666667
817,SANDYMOUNT RD,36.66666667
818,SANNER RD,36.36363636
819,SARGENT RD,35
820,SASSAFRAS ST,41
821,SATYR HILL RD,38
822,SAVAGE RD,42.5
823,SCAGGSVILLE RD,30
824,SECURITY BLVD,30
825,SEMINARY AVE,30
826,SEMINARY RD,33.125
827,SENECA RD,30
828,SERVICE RD LOWER LEVEL,39
829,SETON DR,25
830,SHADY GROVE RD,30
831,SHANNON DR,35
832,SHARPSBURG PIKE,35
833,SHARPTOWN RD,50
834,SHEPPERD RD,25
835,SHOOKSTOWN RD,25
836,SHORE HWY,42.5
837,SHORT LA,25
838,SILVER HILL RD,41.25
839,SIMMS AVE,25
840,SINCLAIR LA,25
841,SINGER RD,25
842,SINGERLY RD,40
843,SIXES RD,41.78571429
844,SIXTH ST,30
845,SIXTY FOOT RD,25
846,SLIGO CREEK PKWY,40
847,SMALLWOOD DR,30
848,SMITH AVE,40
849,SNOW HILL RD,20
850,SNOWDEN FARM PKWY,30
851,SOLOMONS ISLAND RD,25
852,SOMERSET AVE,30
853,SOUDER RD,43.33333333
854,SOUTHAMPTON RD,42.27272727
855,SOUTHEAST BLVD,40
856,SOUTHERN AVE,40
857,SOUTHERN CONNECTOR BLVD,40
858,SOUTHERN MD BLVD,40
859,SOUTHWAY,40
860,SPA RD,25
861,SPARROWS POINT RD,25
862,SPESUTIA RD,25
863,SPRING AVE,55
864,SPRINGFIELD RD,33.33333333
865,SPRINGHILL NEWTOWN RD,40
866,ST ALBANS WAY,25
867,ST AUGUSTINE RD,40
868,ST CHARLES PKWY,35
869,ST LEONARD RD,30
870,ST LOUIS AVE #2,40
871,ST LUKES RD,30
872,ST MARTINS NECK RD,41.25
873,ST MICHAELS RD,30
874,ST PATRICKS DR,30
875,ST PAUL RD,35
876,ST PAUL ST,36.25
877,ST PAULS DR,25
878,STARR RD,40
879,STEMMERS RUN RD,50
880,STEPHEN DECATUR HWY,35
881,STEPHENS RD,50
882,STERLING RD,48
883,STONE CHAPEL RD,30
884,STONE RD,30
885,STONEYBROOK DR,35
886,STRINGTOWN RD,40
887,SUDLERSVILLE RD,35
888,SUITLAND PKWY,25
889,SUITLAND RD,30
890,SUNSET AVE,31.25
891,SUPERIOR ST,30
892,SWAN CREEK RD,36.66666667
893,SYKESVILLE RD,30
894,TAHOMA FARM RD,30
895,TAKOMA AVE,30
896,TANEYTOWN PIKE,30
897,TAYLOR AVE,30
898,TEN OAKS RD,25
899,THIRD AVE,25
900,THIRD ST,45
901,THREE NOTCH RD,36.25
902,TIOGA PKWY,31.25
903,TODD AVE,35
904,TOLCHESTER BEACH RD,37.5
905,TOLLGATE RD,30
906,TOWER OAKS BLVD,30
907,TRIMBLE RD,25
908,TROTTER RD,30
909,TRUITT ST,25
910,TUSCARORA RD,25
911,TYLER AVE,25
912,UHL HWY,35
913,UMES BLVD,25
914,UNION BRIDGE RD,30
915,UNION CHURCH RD,25
916,UNIONTOWN RD,40
917,UNIONVILLE RD,52.14285714
918,UNIVERSITY BLVD,36.25
919,UNIVERSITY BLVD E,30
920,UPPER BECKLEYSVILLE RD,30
921,UPPER GEORGES CREEK RD,40
922,URBANA PIKE,30
923,VALE RD,39.375
924,VALE SUMMIT RD,46.25
925,VALLEY RD,33.33333333
926,VEIRS MILL RD,40
927,VIRGINIA AVE,30
928,VIRGINIA MANOR RD,40
929,W 4TH ST,41.66666667
930,W DIAMOND AVE,25
931,W FRANKLIN ST,36.66666667
932,W HIGH ST,40
933,W ISABELLA ST,30
934,W JARRETTSVILLE RD,27.5
935,W LEE ST,41.66666667
936,W MAIN ST,46
937,W MARKET ST,40
938,W PATRICK ST,30
939,W SALISBURY PKWY,30
940,W SOUTH ST,35
941,WALKER MILL RD,30
942,WALNUT AVE,40
943,WALNUT ST,40
944,WALTHER AVE,25
945,WALTHER BLVD,36.66666667
946,WARFORDSBURG RD,35
947,WASHINGTON AVE,30
948,WASHINGTON BLVD,25
949,WASHINGTON GROVE LA,31.25
950,WASHINGTON HOLLOW RD,40
951,WASHINGTON RD,33.33333333
952,WASHINGTON ST,50
953,WATER ST,25
954,WATER ST RD,25
955,WATERLOO RD,40
956,WATERSVILLE RD W,31.66666667
957,WAYNE AVE,35.625
958,WAYNESBORO RD,40
959,WELSH HILL RD,35
960,WEMPE DR,50.625
961,WEST RD,34.6875
962,WEST ST,55
963,WESTBROOK DR#2,33.33333333
964,WESTERN MARYLAND PKWY,34.16666667
965,WESTERN PKWY,30
966,WEXFORD DR,33.33333333
967,WHARF RD,40
968,WHITAKER MILL RD,43.75
969,WHITE HALL RD,50
970,WHITE MARSH BLVD,40
971,WHITE SANDS DR,42.72727273
972,WHITEHALL RD,25
973,WHITEHAVEN RD,43.33333333
974,WHITFIELD CHAPEL RD,41.25
975,WHITON RD,30
976,WILKENS AVE,30
977,WILLIAM ST,47.5
978,WILLIAMSBURG RD,25
979,WILLOUGHBY BEACH RD,30
980,WILLOWBROOK RD,30
981,WILLOWDALE DR,35
982,WILLOWGLEN DR,40
983,WILSON LA,55
984,WILSON POINT RD,35
985,WINCHESTER RD,38
986,WINCHESTER ST,40
987,WOODBINE RD,40
988,WOODFIELD RD,35
989,WOODLEA AVE,25
990,WOODS RD,35
991,WOODS WAY,25
992,WOODSBORO CREAGERSTOWN RD,34.16666667
993,WOODSBORO PIKE,25
994,WOODVILLE RD,50
995,WORCESTER HWY,40
996,WORMANS MILL RD,33.75
997,WORTHINGTON BLVD,30
998,WORTON RD,25
999,WRIGHT RD,30
1000,YELLOW SPRINGS RD,26.25
1001,YORK RD,35
1002,YORK ST,28.33333333
1003,ZION CHURCH RD,30
